type;thematique_fr;thematique_en;title_fr;title_en;date_publication;date_mise_a_jour;lien;piece_jointe;sheet_index;row_index
archive;Comptes Nationaux Financiers;National Financial Accounts;Comptes nationaux financiers annuels (base 2014);Annual national financial accounts (2014 base);2024-11-06;2024-11-06;;https://webstat.banque-france.fr/api/explore/v2.1/catalog/datasets/tableaux_rapports_preetablis/files/813db92997008f93104b91b0b4736c2f;1;5
archive;Comptes Nationaux Financiers;National Financial Accounts;Comptes nationaux financiers trimestriels (base 2010);Quarterly national financial accounts (2010 base);2024-11-06;2024-11-06;;https://webstat.banque-france.fr/api/explore/v2.1/catalog/datasets/tableaux_rapports_preetablis/files/c21e0c9d892abac439092b9a1b4d7679;1;8
archive;Comptes Nationaux Financiers;National Financial Accounts;Comptes nationaux financiers annuels (base 2005);Annual national financial accounts (2005 base);2024-07-11;2024-11-06;;https://webstat.banque-france.fr/api/explore/v2.1/catalog/datasets/tableaux_rapports_preetablis/files/eb41fd17e2a108cb13758b28a4ee7edc;1;9
archive;Comptes Nationaux Financiers;National Financial Accounts;Comptes nationaux financiers trimestriels (base 2000);Quarterly national financial accounts (base 2000);2024-07-11;2024-11-06;;https://webstat.banque-france.fr/api/explore/v2.1/catalog/datasets/tableaux_rapports_preetablis/files/780b6138a8781da3d107949aa561c7ed;1;12
archive;Agrégats de la zone euro, engagements monétaires et crédits des IFM résidant en France (Archive);Agrégats de la zone euro, engagements monétaires et crédits des IFM résidant en France (Archive);tmf_mens_zeuro_fr_monnaicred.csv;tmf_mens_zeuro_fr_monnaicred.csv;2024-07-11;2024-07-11;;https://webstat.banque-france.fr/api/explore/v2.1/catalog/datasets/tableaux_rapports_preetablis/files/0e766be443d3af104e3bd65c4c4665b9;1;14
archive;Annexes fiches méthodologiques;Methodological Notes Annexes;Modalites_codes_CONS.xlsx;Modalites_codes_CONS.xlsx;2024-06-28;2024-06-28;;https://webstat.banque-france.fr/api/explore/v2.1/catalog/datasets/tableaux_rapports_preetablis/files/dedaa518ef7b8ed2439cb665daa1151c;1;15
archive;Annexes fiches méthodologiques;Methodological Notes Annexes;Modalites_codes_SC1.xlsx;Modalites_codes_SC1.xlsx;2024-06-28;2024-06-28;;https://webstat.banque-france.fr/api/explore/v2.1/catalog/datasets/tableaux_rapports_preetablis/files/f3fd89a91e4be146f80d7d9e17b0dbc9;1;16
archive;Bilan des établissements de crédit et des OPC monétaires (séries arrêtées);Bilan des établissements de crédit et des OPC monétaires (séries arrêtées);Bilan_des_etablissements_de_credit_et_des_OPC_monetaires_series_arretees.xml;Bilan_des_etablissements_de_credit_et_des_OPC_monetaires_series_arretees.xml;2024-07-11;2024-07-11;;https://webstat.banque-france.fr/api/explore/v2.1/catalog/datasets/tableaux_rapports_preetablis/files/0e1503b528c2824b54a92b292bb65c7f;1;23
archive;Billets de trésorerie (archive);Billets de trésorerie (archive);Billets_de_tresorerie_archive.csv;Billets_de_tresorerie_archive.csv;2024-07-11;2024-07-11;;https://webstat.banque-france.fr/api/explore/v2.1/catalog/datasets/tableaux_rapports_preetablis/files/d5b04930cca933f577909b05b2f65062;1;24
archive;Bons à moyen terme négociables (archive);Bons à moyen terme négociables (archive);Bons_a_moyen_terme_negociables_archive.csv;Bons_a_moyen_terme_negociables_archive.csv;2024-07-11;2024-07-11;;https://webstat.banque-france.fr/api/explore/v2.1/catalog/datasets/tableaux_rapports_preetablis/files/b3a2a5c0b510ead1bef249e218995cf5;1;25
archive;Cours de change Franc - devises exotiques;Cours de change Franc - devises exotiques;Principales_devises_mensuelles.pdf;Principales_devises_mensuelles.pdf;2024-07-11;2024-07-11;;https://webstat.banque-france.fr/api/explore/v2.1/catalog/datasets/tableaux_rapports_preetablis/files/5323a9ff94a39c71abc59649f4673f09;1;29
archive;Coût du crédit aux entreprises (Archive);Coût du crédit aux entreprises (Archive);tmf_mens_france_fr_tauxdebiteur.csv;tmf_mens_france_fr_tauxdebiteur.csv;2024-07-11;2024-07-11;;https://webstat.banque-france.fr/api/explore/v2.1/catalog/datasets/tableaux_rapports_preetablis/files/b8242d67f0450fa076780c21b5534695;1;31
archive;Créances des établissements de crédit français vis-à-vis des administrations publiques des autres EMUM (Archive);Créances des établissements de crédit français vis-à-vis des administrations publiques des autres EMUM (Archive);tmf_trim_ifm_fr_crecapuemum.csv;tmf_trim_ifm_fr_crecapuemum.csv;2024-07-11;2024-07-11;;https://webstat.banque-france.fr/api/explore/v2.1/catalog/datasets/tableaux_rapports_preetablis/files/b6d3c8843ed0438d083fdeffe55a3299;1;32
archive;Créances des IFM françaises (hors Banque de France) par zones de résidence des contreparties et par devises (Archive);Créances des IFM françaises (hors Banque de France) par zones de résidence des contreparties et par devises (Archive);tmf_trim_ifm_fr_crdtifm_zres.csv;tmf_trim_ifm_fr_crdtifm_zres.csv;2024-07-11;2024-07-11;;https://webstat.banque-france.fr/api/explore/v2.1/catalog/datasets/tableaux_rapports_preetablis/files/dad8c87340205088641a7849d03a8969;1;37
archive;Crédit à la consommation (archive);Crédit à la consommation (archive);Credit_a_la_consommation_archive.csv;Credit_a_la_consommation_archive.csv;2024-07-11;2024-07-11;;https://webstat.banque-france.fr/api/explore/v2.1/catalog/datasets/tableaux_rapports_preetablis/files/0c67cd3706c893e21fb48a42eb656686;1;44
archive;Crédits aux ménages;Crédits aux ménages;Credits_aux_menages.csv;Credits_aux_menages.csv;2024-07-11;2024-07-11;;https://webstat.banque-france.fr/api/explore/v2.1/catalog/datasets/tableaux_rapports_preetablis/files/495281d2b3802e65daac19bf16ec8d4e;1;52
archive;Crédits aux ménages;Crédits aux ménages;Credits_aux_menages.xml;Credits_aux_menages.xml;2024-07-11;2024-07-11;;https://webstat.banque-france.fr/api/explore/v2.1/catalog/datasets/tableaux_rapports_preetablis/files/3a7bffeab6bd931117496046a3c3ae2d;1;53
archive;Crédits aux sociétés financières;Crédits aux sociétés financières;Credits_aux_societes_financieres.csv;Credits_aux_societes_financieres.csv;2024-07-11;2024-07-11;;https://webstat.banque-france.fr/api/explore/v2.1/catalog/datasets/tableaux_rapports_preetablis/files/a7e06312c08ec428958fa9e1e525c587;1;54
archive;Crédits aux sociétés non financières (archive);Crédits aux sociétés non financières (archive);Credits_aux_societes_non_financieres_archive.csv;Credits_aux_societes_non_financieres_archive.csv;2024-07-11;2024-07-11;;https://webstat.banque-france.fr/api/explore/v2.1/catalog/datasets/tableaux_rapports_preetablis/files/d390f4e116cacf89a8d071b996be5d53;1;56
archive;Crédits distribués aux agents résidents par les établissements de crédit  répartition par agent (Archive);Crédits distribués aux agents résidents par les établissements de crédit  répartition par agent (Archive);tmf_trim_detail_fr_crdtauxres.csv;tmf_trim_detail_fr_crdtauxres.csv;2024-07-11;2024-07-11;;https://webstat.banque-france.fr/api/explore/v2.1/catalog/datasets/tableaux_rapports_preetablis/files/6da6607a36de278de207275d90872d31;1;58
archive;Crédits distribués aux agents résidents par les établissements de crédit  répartition par objets (Archive);Crédits distribués aux agents résidents par les établissements de crédit  répartition par objets (Archive);tmf_trim_detail_fr_crdtentr_obj.csv;tmf_trim_detail_fr_crdtentr_obj.csv;2024-07-11;2024-07-11;;https://webstat.banque-france.fr/api/explore/v2.1/catalog/datasets/tableaux_rapports_preetablis/files/333fcc38ea271b68b56e39f9faacfdde;1;59
archive;Crédits immobiliers aux ménages & particuliers (archive);Crédits immobiliers aux ménages & particuliers (archive);Credits_immobiliers_aux_menages_et_particuliers_archive.csv;Credits_immobiliers_aux_menages_et_particuliers_archive.csv;2024-07-11;2024-07-11;;https://webstat.banque-france.fr/api/explore/v2.1/catalog/datasets/tableaux_rapports_preetablis/files/e0000e162210021a76716490358b5c16;1;60
archive;Crédits immobiliers aux ménages & particuliers (archive);Crédits immobiliers aux ménages & particuliers (archive);Credits_immobiliers_aux_menages_et_particuliers_archive.xml;Credits_immobiliers_aux_menages_et_particuliers_archive.xml;2024-07-11;2024-07-11;;https://webstat.banque-france.fr/api/explore/v2.1/catalog/datasets/tableaux_rapports_preetablis/files/2113a7b1678c9a6125c8a00f6e4ca628;1;61
archive;Dépôts à vue de la clientèle résidente auprès des établissements de crédit  total par agents (Archive);Dépôts à vue de la clientèle résidente auprès des établissements de crédit  total par agents (Archive);tmf_trim_detail_fr_davbancec.csv;tmf_trim_detail_fr_davbancec.csv;2024-07-11;2024-07-11;;https://webstat.banque-france.fr/api/explore/v2.1/catalog/datasets/tableaux_rapports_preetablis/files/e4a4630386378d597fcacbce4c1705fb;1;64
archive;Dépôts à vue par agents (Archive);Dépôts à vue par agents (Archive);tmf_mens_france_fr_dav.csv;tmf_mens_france_fr_dav.csv;2024-07-11;2024-07-11;;https://webstat.banque-france.fr/api/explore/v2.1/catalog/datasets/tableaux_rapports_preetablis/files/00555ca2062b5707973647e72549dcf9;1;65
archive;Dépôts des administrations publiques;Dépôts des administrations publiques;Depots_des_administrations_publiques.csv;Depots_des_administrations_publiques.csv;2024-07-11;2024-07-11;;https://webstat.banque-france.fr/api/explore/v2.1/catalog/datasets/tableaux_rapports_preetablis/files/33b4d2d3e47aa9d600db60daa9ea37ad;1;68
archive;Dépôts des ménages;Dépôts des ménages;Depots_des_menages.xml;Depots_des_menages.xml;2024-07-11;2024-07-11;;https://webstat.banque-france.fr/api/explore/v2.1/catalog/datasets/tableaux_rapports_preetablis/files/a208b972f6b907f2611076c62d6f8bee;1;73
archive;Dépôts des résidents de la zone euro auprès des administrations centrales (Archive);Dépôts des résidents de la zone euro auprès des administrations centrales (Archive);tmf_mens_zeuro_fr_depreszeadm.csv;tmf_mens_zeuro_fr_depreszeadm.csv;2024-07-11;2024-07-11;;https://webstat.banque-france.fr/api/explore/v2.1/catalog/datasets/tableaux_rapports_preetablis/files/f75d3a6d04e3c98ea92c65aea86617ff;1;76
archive;Dépôts du secteur privé des autres EMUM auprès des établissements de crédit français (Archive);Dépôts du secteur privé des autres EMUM auprès des établissements de crédit français (Archive);tmf_trim_ifm_fr_dptspremumec.csv;tmf_trim_ifm_fr_dptspremumec.csv;2024-07-11;2024-07-11;;https://webstat.banque-france.fr/api/explore/v2.1/catalog/datasets/tableaux_rapports_preetablis/files/fb66e3066afd56025e0b2fd53c9f948a;1;81
archive;DWA1 Europe hors France;DWA1 Europe outside France;DWA_hors_FR.zip;DWA_hors_FR.zip;2024-10-17;2024-10-18;;https://webstat.banque-france.fr/api/explore/v2.1/catalog/datasets/tableaux_rapports_preetablis/files/277e174dd5a4a38f6133b40aae4ab91a;1;84
archive;Eléments non répartis du bilan des établissements de crédit français (Archive);Eléments non répartis du bilan des établissements de crédit français (Archive);tmf_trim_ifm_fr_eltnrepartec.csv;tmf_trim_ifm_fr_eltnrepartec.csv;2024-07-11;2024-07-11;;https://webstat.banque-france.fr/api/explore/v2.1/catalog/datasets/tableaux_rapports_preetablis/files/299d087f84e6622c90208b52fe4aceaf;1;86
archive;Encours de crédit (archive);Encours de crédit (archive);Encours_de_credit_archive.xml;Encours_de_credit_archive.xml;2024-07-11;2024-07-11;;https://webstat.banque-france.fr/api/explore/v2.1/catalog/datasets/tableaux_rapports_preetablis/files/eba16984ad1d210d286a20392a4b012b;1;88
archive;Enquêtes de Conjoncture nationale - Commerce de gros (archive);;Enquetes_de_Conjoncture_nationale-Commerce_de_gros_archive.csv;Enquetes_de_Conjoncture_nationale-Commerce_de_gros_archive.csv;2024-07-11;2024-07-11;;https://webstat.banque-france.fr/api/explore/v2.1/catalog/datasets/tableaux_rapports_preetablis/files/91a83dc7f98ce18417f533cd8b688e4e;1;92
archive;Enquêtes de Conjoncture nationale - Commerce de gros (archive);Enquêtes de Conjoncture nationale - Commerce de gros (archive);Enquetes_de_Conjoncture_nationale-Commerce_de_gros_archive.xml;Enquetes_de_Conjoncture_nationale-Commerce_de_gros_archive.xml;2024-07-11;2024-07-11;;https://webstat.banque-france.fr/api/explore/v2.1/catalog/datasets/tableaux_rapports_preetablis/files/e407f468e7163fa21b7bea8b3860ccf7;1;93
archive;Enquêtes de Conjoncture nationale - Construction (archive);Enquêtes de Conjoncture nationale - Construction (archive);Enquetes_de_Conjoncture_nationale-Construction_archive.csv;Enquetes_de_Conjoncture_nationale-Construction_archive.csv;2024-07-11;2024-07-11;;https://webstat.banque-france.fr/api/explore/v2.1/catalog/datasets/tableaux_rapports_preetablis/files/5b302314ebe14a9096e524525c1e89f5;1;94
archive;Enquêtes de Conjoncture nationale - Construction (archive);Enquêtes de Conjoncture nationale - Construction (archive);Enquetes_de_Conjoncture_nationale-Construction_archive.xml;Enquetes_de_Conjoncture_nationale-Construction_archive.xml;2024-07-11;2024-07-11;;https://webstat.banque-france.fr/api/explore/v2.1/catalog/datasets/tableaux_rapports_preetablis/files/cbd8806615b439f5a2563e2b85676477;1;95
archive;Euribor (Archive);Euribor (Archive);Euribor_Archive.csv;Euribor_Archive.csv;2024-07-11;2024-07-11;;https://webstat.banque-france.fr/api/explore/v2.1/catalog/datasets/tableaux_rapports_preetablis/files/6ae749f841fa3e76c15846ce93c77a07;1;96
archive;FAQ;FAQ;240611_FAQ_Webstat_pour_ODS_VE.pdf;240611_FAQ_Webstat_pour_ODS_VE.pdf;2024-07-02;2024-07-02;;https://webstat.banque-france.fr/api/explore/v2.1/catalog/datasets/tableaux_rapports_preetablis/files/8689b0e0fdc5d1aac6ab6c58eec90e4b;1;97
archive;FAQ;FAQ;240611_FAQ_Webstat_pour_ODS_VF.pdf;240611_FAQ_Webstat_pour_ODS_VF.pdf;2024-07-02;2024-07-02;;https://webstat.banque-france.fr/api/explore/v2.1/catalog/datasets/tableaux_rapports_preetablis/files/899b4406c76a3e1136110a135b325c92;1;98
archive;FAQ;FAQ;schema_json_observations.json;schema_json_observations.json;2024-09-12;2024-09-12;;https://webstat.banque-france.fr/api/explore/v2.1/catalog/datasets/tableaux_rapports_preetablis/files/f6db15d63948a6f28e8129ccd26c8492;1;99
archive;Placements à terme et assimilés auprès des établissements de crédit  ensemble (Archive);Placements à terme et assimilés auprès des établissements de crédit  ensemble (Archive);tmf_trim_detail_fr_pat_assimec.csv;tmf_trim_detail_fr_pat_assimec.csv;2024-07-11;2024-07-11;;https://webstat.banque-france.fr/api/explore/v2.1/catalog/datasets/tableaux_rapports_preetablis/files/ff70fa2c563fbae2a27490b52690a08c;1;109
archive;Placements à terme et assimilés auprès des établissements de crédit  répartition par agents (Archive);Placements à terme et assimilés auprès des établissements de crédit  répartition par agents (Archive);tmf_trim_detail_fr_patec_agt.csv;tmf_trim_detail_fr_patec_agt.csv;2024-07-11;2024-07-11;;https://webstat.banque-france.fr/api/explore/v2.1/catalog/datasets/tableaux_rapports_preetablis/files/df97b6b080c2838a2c2b88330363d223;1;110
archive;Rémunération des dépôts et coût du crédit (nouvelles séries) (Archive);Rémunération des dépôts et coût du crédit (nouvelles séries) (Archive);tmf_mens_france_fr_frredepctcdt.csv;tmf_mens_france_fr_frredepctcdt.csv;2024-07-11;2024-07-11;;https://webstat.banque-france.fr/api/explore/v2.1/catalog/datasets/tableaux_rapports_preetablis/files/b5a2fc44360054ad355b0eb3103e073c;1;116
archive;Seuil de l'usure (archive);Seuil de l'usure (archive);Seuil_de_l_usure_archive.csv;Seuil_de_l_usure_archive.csv;2024-07-11;2024-07-11;;https://webstat.banque-france.fr/api/explore/v2.1/catalog/datasets/tableaux_rapports_preetablis/files/1de890f60a5f5c243456467e5d879922;1;117
archive;Situation mensuelle de la Banque de France (archive);Situation mensuelle de la Banque de France (archive);Situation_mensuelle_de_la_Banque_de_France_archive.xml;Situation_mensuelle_de_la_Banque_de_France_archive.xml;2024-07-11;2024-07-11;;https://webstat.banque-france.fr/api/explore/v2.1/catalog/datasets/tableaux_rapports_preetablis/files/332b8198c7c4ba3828558aab3bea9661;1;120
archive;Taux créditeurs (Archive);Taux créditeurs (Archive);tmf_mens_france_fr_txcrediteurs.csv;tmf_mens_france_fr_txcrediteurs.csv;2024-07-11;2024-07-11;;https://webstat.banque-france.fr/api/explore/v2.1/catalog/datasets/tableaux_rapports_preetablis/files/7aaa87432df81a303a6f291d1de20844;1;122
archive;Taux de rémunération annuelle (archive);Taux de rémunération annuelle (archive);Taux_de_remuneration_annuelle_archive.csv;Taux_de_remuneration_annuelle_archive.csv;2024-07-11;2024-07-11;;https://webstat.banque-france.fr/api/explore/v2.1/catalog/datasets/tableaux_rapports_preetablis/files/f605cd790e2dfa37f2b120f391cff569;1;124
archive;Taux d'escompte historique - 1800 à 1990;Taux d'escompte historique - 1800 à 1990;Taux_escompte.pdf;Taux_escompte.pdf;2024-07-11;2024-07-11;;https://webstat.banque-france.fr/api/explore/v2.1/catalog/datasets/tableaux_rapports_preetablis/files/6818bc05d2cbb3c6d5db9de1cf5f617f;1;127
archive;Taux d'intérêt annuel des découverts (archive);Taux d'intérêt annuel des découverts (archive);Taux_d_interet_annuel_des_decouverts_archive.xml;Taux_d_interet_annuel_des_decouverts_archive.xml;2024-07-11;2024-07-11;;https://webstat.banque-france.fr/api/explore/v2.1/catalog/datasets/tableaux_rapports_preetablis/files/3de8728caeff429ce89a74e8406c2eb4;1;129
archive;Taux d'intérêt de marché (archive);Taux d'intérêt de marché (archive);Taux_d_interet_de_marche_archive.csv;Taux_d_interet_de_marche_archive.csv;2024-07-11;2024-07-11;;https://webstat.banque-france.fr/api/explore/v2.1/catalog/datasets/tableaux_rapports_preetablis/files/41a145e7f9db2175e0be9294f2fbf915;1;130
archive;Taux d'intérêt de marché (archive);Taux d'intérêt de marché (archive);Taux_d_interet_de_marche_archive.xml;Taux_d_interet_de_marche_archive.xml;2024-07-11;2024-07-11;;https://webstat.banque-france.fr/api/explore/v2.1/catalog/datasets/tableaux_rapports_preetablis/files/5374ef48f889613ecebe2e679ebfb771;1;131
archive;Taux historique du Franc CFA;Taux historique du Franc CFA;Franc_CFA.pdf;Franc_CFA.pdf;2024-07-11;2024-07-11;;https://webstat.banque-france.fr/api/explore/v2.1/catalog/datasets/tableaux_rapports_preetablis/files/8d39b3ec2cdd5733dd198516131b7df9;1;136
archive;Taux marchés monétaires historique LIBOR annuel - USD;Taux marchés monétaires historique LIBOR annuel - USD;Libor_annuel_USD.pdf;Libor_annuel_USD.pdf;2024-07-11;2024-07-11;;https://webstat.banque-france.fr/api/explore/v2.1/catalog/datasets/tableaux_rapports_preetablis/files/af784a90326e947b5866c7a79dd46e92;1;143
archive;Taux marchés monétaires historique LIBOR mensuel historique - USD;Taux marchés monétaires historique LIBOR mensuel historique - USD;Libor_mensuel_USD.pdf;Libor_mensuel_USD.pdf;2024-07-11;2024-07-11;;https://webstat.banque-france.fr/api/explore/v2.1/catalog/datasets/tableaux_rapports_preetablis/files/4e8bad52f5fc2eb0b57b269c96e54386;1;145
archive;Zone euro - M3 et ses contreparties (Archive);Zone euro - M3 et ses contreparties (Archive);tmf_mens_zeuro_fr_agregmon.csv;tmf_mens_zeuro_fr_agregmon.csv;2024-07-11;2024-07-11;;https://webstat.banque-france.fr/api/explore/v2.1/catalog/datasets/tableaux_rapports_preetablis/files/223ada60894c3263c27d1748043947ca;1;150
rapport;Le tableau de la balance des paiements;The Balance of Payments Table;Tableau de la balance des paiements de la France;Balance of payments table for France;2024-08-13;2024-10-25;/fr/pages/balance-des-paiements/;;1;151
rapport;Comptes Nationaux Financiers;National Financial Accounts;Comptes nationaux financiers annuels (base 2020);Annual national financial accounts (2020 base);2024-10-18;2024-10-25;/explore/dataset/tableaux_rapports_preetablis/files/4269058eede26bff187785db1df8c245/download/;;1;154
rapport;Balance des paiements > Balance des paiements et position extérieure;Balance of payments > Balance of payments and external position;Investissements directs (flux trimestriels);Direct investments (quarterly flows);2024-10-24;2024-10-24;/fr/selection/5390007;;1;157
rapport;Chiffres-clefs > Enquêtes de conjoncture;Key figures > Business surveys;Stat info Enquête trimestrielle auprès des entreprises sur leur accès au crédit en France;Stat info Quarterly survey of companies on their access to credit in France;2024-10-24;2024-10-24;/fr/selection/5384547;;1;165
rapport;Chiffres-clefs > Enquêtes de conjoncture > Commerce de gros, Travaux publics;Key figures > Business surveys > Wholesale trade, Public works;Conjoncture Travaux publics;Economic situation Public works;2024-10-24;2024-10-24;/fr/selection/5390005;;1;167
rapport;Chiffres-clefs > Enquêtes de conjoncture > Industrie, Services et Bâtiment;Key figures > Business surveys > Industry, Services and Construction;Conjoncture Bâtiment;Economic situation Construction;2024-10-24;2024-10-24;/fr/selection/5390003;;1;168
rapport;Chiffres-clefs > Enquêtes de conjoncture > Industrie, Services et Bâtiment;Key figures > Business surveys > Industry, Services and Construction;Conjoncture Industrie;Economic situation Industry;2024-10-24;2024-10-24;/fr/selection/5390002;;1;169
rapport;Crédit > Crédit;Credit > Credit;Crédits bancaires dans les régions françaises;Bank credits in the French regions;2024-10-24;2024-10-24;/fr/selection/5384937;;1;176
rapport;Crédit > Crédit;Credit > Credit;Stat info Crédits par taille d'entreprises;Stat info Credits by company size;2024-10-24;2024-10-24;/fr/selection/5384952;;1;182
rapport;Crédit > Crédit > Régions;Credit > Credit > Regions;Corse;Corsica;2024-10-24;2024-10-24;/fr/selection/5385808;;1;192
rapport;Crédit > Endettement et titres;Credit > Debt and securities;Conservation de titres;Holding of securities;2024-10-24;2024-10-24;/fr/selection/5384942;;1;201
rapport;Crédit > Endettement et titres;Credit > Debt and securities;Stat info Endettement des agents non financiers en France;Stat info Debt of non-financial agents in France;2024-10-24;2024-10-24;/fr/selection/5384336;;1;203
rapport;Entreprises;Companies;Bilans des entreprises;Company balance sheets;2024-10-24;2024-10-24;/fr/selection/5390011;;1;206
rapport;Entreprises;Companies;Délais de paiement;Payment periods;2024-10-24;2024-10-24;/fr/selection/5390010;;1;208
rapport;Epargne > Comptes distributionnels du patrimoine des ménages > séries FR publiques;Savings > Distributional accounts of household wealth > FR series public;Comptes distributionnels du patrimoine des ménages;Distributional accounts of household wealth;2024-10-24;2024-10-24;/fr/selection/5386077;;1;211
rapport;Epargne > Comptes nationaux financiers;Savings > National financial accounts;Stat info Comptes financiers des agents non financiers;Stat info Financial accounts of non-financial agents;2024-10-24;2024-10-24;/fr/selection/5384415;;1;212
rapport;Epargne > Dépôts > Régions;Savings > Deposits > Regions;Région Bourgogne Franche Comté;Bourgogne Franche Comté region;2024-10-24;2024-10-24;/fr/selection/5385819;;1;214
rapport;Epargne > Dépôts > Régions;Savings > Deposits > Regions;Région Grand Est;Grand Est region;2024-10-24;2024-10-24;/fr/selection/5385824;;1;218
rapport;Epargne > Dépôts > Régions;Savings > Deposits > Regions;Région Hauts de France;Hauts de France region;2024-10-24;2024-10-24;/fr/selection/5385823;;1;219
rapport;Epargne > Dépôts > Régions;Savings > Deposits > Regions;Région Nouvelle Aquitaine;New Aquitaine Region;2024-10-24;2024-10-24;/fr/selection/5385827;;1;222
rapport;Epargne > Dépôts > Régions;Savings > Deposits > Regions;Région Occitanie;Occitanie Region;2024-10-24;2024-10-24;/fr/selection/5385828;;1;223
rapport;Epargne > Epargne dans les banques;Savings > Savings in banks;Stat info Taux de rémunération des dépôts bancaires;Stat info Rates of remuneration of bank deposits;2024-10-24;2024-10-24;/fr/selection/5384346;;1;226
rapport;Epargne > OPC;Savings > OPC;Stat info Panorama financier des OPC;Stat info Financial panorama of mutual funds;2024-10-24;2024-10-24;/fr/selection/5384950;;1;228
rapport;Epargne > OPC;Savings > OPC;Stat info Performance des OPC;Stat info Performance of mutual funds;2024-10-24;2024-10-24;/fr/selection/5384949;;1;229
rapport;Monnaie > Dépôts;Currency > Deposits;Dépôts à vue dans les régions françaises;Demand deposits in the French regions;2024-10-24;2024-10-24;/fr/selection/5384938;;1;230
rapport;Monnaie > Statistiques monétaires > France;Currency > Monetary statistics > France;Situation mensuelle de la Banque de France;Monthly situation of the Banque de France;2024-10-24;2024-10-24;/fr/selection/5385726;;1;232
rapport;Monnaie > Statistiques monétaires > Zone euro;Currency > Monetary statistics > Eurozone;Bilan agrégé de l'Eurosystème;Aggregated balance sheet of the Eurosystem;2024-10-24;2024-10-24;/fr/selection/5385724;;1;233
rapport;SDDS Plus > Indicateurs externes;SDDS Plus > External indicators;Avoirs de réserves;Reserve assets;2024-10-24;2024-10-24;/fr/selection/5384899;;1;235
rapport;SDDS Plus > Secteur public;SDDS Plus > Public sector;Dette totale brute des APU;Total gross debt of APU;2024-10-24;2024-10-24;/fr/selection/5384930;;1;244
rapport;SDDS Plus > Secteur public;SDDS Plus > Public sector;Indice des marchés actions;Stock market index;2024-10-24;2024-10-24;/fr/selection/5384896;;1;246
rapport;SDDS Plus > Secteur public;SDDS Plus > Public sector;Titres de dette;Debt securities;2024-10-24;2024-10-24;/fr/selection/5384894;;1;249
rapport;Taux et cours;Rates and prices;Taux directeurs;Key rates;2024-10-24;2024-10-24;/fr/selection/5385563;;1;252
rapport;Taux et cours > Taux de change;Rates and prices > Exchange rates;Parités moyenne mensuelle;Monthly average parities;2024-10-24;2024-10-24;/fr/selection/5385700;;1;255
rapport;Taux et cours > Taux de référence;Rates and prices > Reference rates;Taux d'intérêt d'avances sur titres;Interest rates on advances on securities;2024-10-24;2024-10-24;/fr/selection/5390006;;1;257
rapport;Taux et cours > Taux d'intérêt de marché;Rates and prices > Market interest rates;Taux actuariel des bons du Trésor et OAT;Actuarial rate of Treasury bonds and OATs;2024-10-24;2024-10-24;/fr/selection/5385691;;1;258
archive;Comptes Nationaux Financiers;National Financial Accounts;Comptes nationaux financiers annuels (base 2020);Annual national financial accounts (2020 base);2024-10-18;2024-10-24;;https://webstat.banque-france.fr/api/explore/v2.1/catalog/datasets/tableaux_rapports_preetablis/files/4269058eede26bff187785db1df8c245;1;1
archive;Comptes Nationaux Financiers;National Financial Accounts;Comptes financiers trimestriels des ANF jusque T3 2017 en ESAIEA (CSV);Quarterly financial accounts of ANFs up to Q3 2017 in ESAIEA (CSV);2024-07-11;2024-11-06;;https://webstat.banque-france.fr/api/explore/v2.1/catalog/datasets/tableaux_rapports_preetablis/files/7e98e8a05bd914b95f87eef0271e48f3;1;3
archive;Comptes Nationaux Financiers;National Financial Accounts;Comptes nationaux financiers trimestriels (base 2014);Quarterly national financial accounts (2014 base);2024-11-06;2024-11-06;;https://webstat.banque-france.fr/api/explore/v2.1/catalog/datasets/tableaux_rapports_preetablis/files/933452f42f7e02b14f4d85cbbe26e16e;1;6
archive;Comptes Nationaux Financiers;National Financial Accounts;Comptes nationaux financiers annuels (base 2000);Annual national financial accounts (base 2000);2024-07-11;2024-11-06;;https://webstat.banque-france.fr/api/explore/v2.1/catalog/datasets/tableaux_rapports_preetablis/files/5f716346903f94369b421f70fe7936f8;1;11
archive;ACPR;ACPR;ACPR_historique_series_5390016.xlsx;ACPR_historique_series_5390016.xlsx;2024-11-26;2024-11-26;;https://webstat.banque-france.fr/api/explore/v2.1/catalog/datasets/tableaux_rapports_preetablis/files/37bd21ec59b2ac7da250ecd0d59e901f;1;13
archive;Balance des paiements 5e manuel - Position extérieure (archive);Balance des paiements 5e manuel - Position extérieure (archive);Balance_des_paiements_5e_manuel_-_Position_exterieure.csv;Balance_des_paiements_5e_manuel_-_Position_exterieure.csv;2024-07-11;2024-07-11;;https://webstat.banque-france.fr/api/explore/v2.1/catalog/datasets/tableaux_rapports_preetablis/files/c7f5c3010ca748525f6efeb0652b1fdb;1;20
archive;Bilan des établissements de crédit et des OPC monétaires (séries arrêtées);Bilan des établissements de crédit et des OPC monétaires (séries arrêtées);Bilan_des_etablissements_de_credit_et_des_OPC_monetaires_series_arretees.csv;Bilan_des_etablissements_de_credit_et_des_OPC_monetaires_series_arretees.csv;2024-07-11;2024-07-11;;https://webstat.banque-france.fr/api/explore/v2.1/catalog/datasets/tableaux_rapports_preetablis/files/211b471bbf7eac2c9be0a9727392c157;1;22
archive;CDIS Investissements directs;CDIS Direct Investments;CDIS_historique_series_5390018.xlsx;CDIS_historique_series_5390018.xlsx;2024-12-11;2024-12-11;;https://webstat.banque-france.fr/api/explore/v2.1/catalog/datasets/tableaux_rapports_preetablis/files/ee77c88c2c84824fa51c6572b091d115;1;26
archive;Comptes sur livrets (Archive);Comptes sur livrets (Archive);tmf_mens_france_fr_cpteslivret.csv;tmf_mens_france_fr_cpteslivret.csv;2024-07-11;2024-07-11;;https://webstat.banque-france.fr/api/explore/v2.1/catalog/datasets/tableaux_rapports_preetablis/files/8f0f4ef1438d8a960b6fa4c0c8f5319f;1;28
archive;Créances des établissements de crédit français vis-à-vis des ménages et assimilés des autres EMUM (Archive);Créances des établissements de crédit français vis-à-vis des ménages et assimilés des autres EMUM (Archive);tmf_trim_ifm_fr_crecmng_emum.csv;tmf_trim_ifm_fr_crecmng_emum.csv;2024-07-11;2024-07-11;;https://webstat.banque-france.fr/api/explore/v2.1/catalog/datasets/tableaux_rapports_preetablis/files/f8141fc7e05e13655fe007f2a7eb3c67;1;33
archive;Créances des établissements de crédit français vis-à-vis du secteur privé des autres EMUM (Archive);Créances des établissements de crédit français vis-à-vis du secteur privé des autres EMUM (Archive);tmf_trim_ifm_fr_crecspr_emum.csv;tmf_trim_ifm_fr_crecspr_emum.csv;2024-07-11;2024-07-11;;https://webstat.banque-france.fr/api/explore/v2.1/catalog/datasets/tableaux_rapports_preetablis/files/b0a46a9cd3d1875433d333c41a552ea1;1;35
archive;Créances douteuses des établissements de crédit (Archive);Créances douteuses des établissements de crédit (Archive);tmf_trim_detail_fr_creadoutec.csv;tmf_trim_detail_fr_creadoutec.csv;2024-07-11;2024-07-11;;https://webstat.banque-france.fr/api/explore/v2.1/catalog/datasets/tableaux_rapports_preetablis/files/31f5584ff1e31732dba7627d58c9f1f6;1;38
archive;Créances et engagements des établissements de crédit français vis-à-vis des non-résidents (hors zone euro) (Archive);Créances et engagements des établissements de crédit français vis-à-vis des non-résidents (hors zone euro) (Archive);tmf_trim_ifm_fr_crengecfnr.csv;tmf_trim_ifm_fr_crengecfnr.csv;2024-07-11;2024-07-11;;https://webstat.banque-france.fr/api/explore/v2.1/catalog/datasets/tableaux_rapports_preetablis/files/7d8b92c412d61845f698d2c66b292094;1;40
archive;Créances et engagements des IFM françaises (hors Banque de France) - Hors Union européenne (Archive);Créances et engagements des IFM françaises (hors Banque de France) - Hors Union européenne (Archive);tmf_trim_ifm_fr_crengifmhue.csv;tmf_trim_ifm_fr_crengifmhue.csv;2024-07-11;2024-07-11;;https://webstat.banque-france.fr/api/explore/v2.1/catalog/datasets/tableaux_rapports_preetablis/files/a57faeeba6d0d0c493bf03a005cb579b;1;41
archive;Créances et engagements des IFM françaises (hors Banque de France) par pays de résidence des contreparties - Union européenne hors zone euro (Archive);Créances et engagements des IFM françaises (hors Banque de France) par pays de résidence des contreparties - Union européenne hors zone euro (Archive);tmf_trim_ifm_fr_crengifmhze.csv;tmf_trim_ifm_fr_crengifmhze.csv;2024-07-11;2024-07-11;;https://webstat.banque-france.fr/api/explore/v2.1/catalog/datasets/tableaux_rapports_preetablis/files/5ff37d7abadf6f88b924dd171479c7bb;1;42
archive;Crédits (Archive);Crédits (Archive);tmf_mens_france_fr_creditresec.csv;tmf_mens_france_fr_creditresec.csv;2024-07-11;2024-07-11;;https://webstat.banque-france.fr/api/explore/v2.1/catalog/datasets/tableaux_rapports_preetablis/files/c8887b896f5ac196a01e9f995c7c193e;1;47
archive;Crédits aux administrations publiques;Crédits aux administrations publiques;Credits_aux_administrations_publiques.xml;Credits_aux_administrations_publiques.xml;2024-07-11;2024-07-11;;https://webstat.banque-france.fr/api/explore/v2.1/catalog/datasets/tableaux_rapports_preetablis/files/a2bb6e3c51a517b70caa100f4565e95d;1;51
archive;Crédits aux sociétés financières;Crédits aux sociétés financières;Credits_aux_societes_financieres.xml;Credits_aux_societes_financieres.xml;2024-07-11;2024-07-11;;https://webstat.banque-france.fr/api/explore/v2.1/catalog/datasets/tableaux_rapports_preetablis/files/bebde048fd36335e641c3f39973d0064;1;55
archive;Crédits aux sociétés non financières (archive);Crédits aux sociétés non financières (archive);Credits_aux_societes_non_financieres_archive.xml;Credits_aux_societes_non_financieres_archive.xml;2024-07-11;2024-07-11;;https://webstat.banque-france.fr/api/explore/v2.1/catalog/datasets/tableaux_rapports_preetablis/files/6c80ee1312ae12fe4b05b52dc2ca7ce8;1;57
archive;"Dépôts à terme &gt; 2 ans (Archive)";"Dépôts à terme &gt; 2 ans (Archive)";tmf_mens_france_fr_depotermsup2.csv;tmf_mens_france_fr_depotermsup2.csv;2024-07-11;2024-07-11;;https://webstat.banque-france.fr/api/explore/v2.1/catalog/datasets/tableaux_rapports_preetablis/files/d29b3550bd97390c121745169f810dc5;1;62
archive;"Dépôts à terme &le; 2 ans (Archive)";"Dépôts à terme &le; 2 ans (Archive)";tmf_mens_france_fr_depoterminf2.csv;tmf_mens_france_fr_depoterminf2.csv;2024-07-11;2024-07-11;;https://webstat.banque-france.fr/api/explore/v2.1/catalog/datasets/tableaux_rapports_preetablis/files/0c05aca30f52b2509e252404ee9ae565;1;63
archive;Dépôts bancaires de la clientèle résidente auprès des établissements de crédit français  total par agents (Archive);Dépôts bancaires de la clientèle résidente auprès des établissements de crédit français  total par agents (Archive);tmf_trim_detail_fr_depotbancec.csv;tmf_trim_detail_fr_depotbancec.csv;2024-07-11;2024-07-11;;https://webstat.banque-france.fr/api/explore/v2.1/catalog/datasets/tableaux_rapports_preetablis/files/3dbfc762535512dd8cb61108afae6932;1;66
archive;Dépôts des ménages;Dépôts des ménages;Depots_des_menages.csv;Depots_des_menages.csv;2024-07-11;2024-07-11;;https://webstat.banque-france.fr/api/explore/v2.1/catalog/datasets/tableaux_rapports_preetablis/files/b63517fd2024031e7773e7c4e9990bb9;1;72
archive;Dépôts des non-IFM auprès des IFM françaises (hors Banque de France) par zones de résidence des contreparties et par devises (Archive);Dépôts des non-IFM auprès des IFM françaises (hors Banque de France) par zones de résidence des contreparties et par devises (Archive);tmf_trim_ifm_fr_dptnifm.csv;tmf_trim_ifm_fr_dptnifm.csv;2024-07-11;2024-07-11;;https://webstat.banque-france.fr/api/explore/v2.1/catalog/datasets/tableaux_rapports_preetablis/files/4ce008b5744288be5548063b4b08e860;1;74
archive;Dépôts des SNF (archive);Dépôts des SNF (archive);Depots_des_SNF_archive.csv;Depots_des_SNF_archive.csv;2024-07-11;2024-07-11;;https://webstat.banque-france.fr/api/explore/v2.1/catalog/datasets/tableaux_rapports_preetablis/files/f7c3ff5b81f11824cd7791b648f1259b;1;77
archive;Dépôts des sociétés financières;Dépôts des sociétés financières;Depots_des_societes_financieres.csv;Depots_des_societes_financieres.csv;2024-07-11;2024-07-11;;https://webstat.banque-france.fr/api/explore/v2.1/catalog/datasets/tableaux_rapports_preetablis/files/4b9df86f451982a76c07f816c31c6850;1;79
archive;Dépôts des sociétés financières;Dépôts des sociétés financières;Depots_des_societes_financieres.xml;Depots_des_societes_financieres.xml;2024-07-11;2024-07-11;;https://webstat.banque-france.fr/api/explore/v2.1/catalog/datasets/tableaux_rapports_preetablis/files/73a21fbd005a5e2394e751f1fbbd8c24;1;80
archive;Endettement des sociétés non financières (archive);Endettement des sociétés non financières (archive);Endettement_des_societes_non_financieres_archive.csv;Endettement_des_societes_non_financieres_archive.csv;2024-07-11;2024-07-11;;https://webstat.banque-france.fr/api/explore/v2.1/catalog/datasets/tableaux_rapports_preetablis/files/5e55e3500a7103f419962656021d795a;1;89
archive;Endettement des sociétés non financières (archive);Endettement des sociétés non financières (archive);Endettement_des_societes_non_financieres_archive.xml;Endettement_des_societes_non_financieres_archive.xml;2024-07-11;2024-07-11;;https://webstat.banque-france.fr/api/explore/v2.1/catalog/datasets/tableaux_rapports_preetablis/files/7f243c446f5960d222cf477f34397296;1;90
archive;Engagements monétaires des IFM (Archive);Engagements monétaires des IFM (Archive);tmf_mens_zeuro_fr_monnaicre1.csv;tmf_mens_zeuro_fr_monnaicre1.csv;2024-07-11;2024-07-11;;https://webstat.banque-france.fr/api/explore/v2.1/catalog/datasets/tableaux_rapports_preetablis/files/b3cfa8410b3ccef78cae4003e2b83a1c;1;91
archive;Livrets soumis à l'impôt  total par agents (Archive);Livrets soumis à l'impôt  total par agents (Archive);tmf_trim_detail_fr_livretimpec.csv;tmf_trim_detail_fr_livretimpec.csv;2024-07-11;2024-07-11;;https://webstat.banque-france.fr/api/explore/v2.1/catalog/datasets/tableaux_rapports_preetablis/files/5812344c364da85c03eb690b939944ad;1;101
archive;Nombre de défaillances (archive);Nombre de défaillances (archive);Nombre_de_defaillances_archive.csv;Nombre_de_defaillances_archive.csv;2024-07-11;2024-07-11;;https://webstat.banque-france.fr/api/explore/v2.1/catalog/datasets/tableaux_rapports_preetablis/files/5dd184052f147a47f6e84fea69a3cd7e;1;102
archive;OPCVM monétaires - Ventilation de l'actif net (Archive);OPCVM monétaires - Ventilation de l'actif net (Archive);tmf_trim_ifm_fr_venactopcvm.csv;tmf_trim_ifm_fr_venactopcvm.csv;2024-07-11;2024-07-11;;https://webstat.banque-france.fr/api/explore/v2.1/catalog/datasets/tableaux_rapports_preetablis/files/84008b9fba631419b13932c1a3b0007f;1;104
archive;Placements à vue de la clientèle résidente auprès des établissements de crédit  total par agents (Archive);Placements à vue de la clientèle résidente auprès des établissements de crédit  total par agents (Archive);tmf_trim_detail_fr_pavec.csv;tmf_trim_detail_fr_pavec.csv;2024-07-11;2024-07-11;;https://webstat.banque-france.fr/api/explore/v2.1/catalog/datasets/tableaux_rapports_preetablis/files/65bb51c92da7d6a67702e7b3461e5ce3;1;111
archive;Placements des IFM françaises (hors Banque de France) en titres autres que des actions émis par zones de résidence des contreparties et par devises (Archive);Placements des IFM françaises (hors Banque de France) en titres autres que des actions émis par zones de résidence des contreparties et par devises (Archive);tmf_trim_ifm_fr_plaifmtiaact.csv;tmf_trim_ifm_fr_plaifmtiaact.csv;2024-07-11;2024-07-11;;https://webstat.banque-france.fr/api/explore/v2.1/catalog/datasets/tableaux_rapports_preetablis/files/1b6bb163c4eca3e18b3e21b06a3ccb9c;1;112
archive;Poids des défaillances (archive);Poids des défaillances (archive);Poids_des_defaillances_archive.csv;Poids_des_defaillances_archive.csv;2024-07-11;2024-07-11;;https://webstat.banque-france.fr/api/explore/v2.1/catalog/datasets/tableaux_rapports_preetablis/files/bcb9f4625c4241918422a1d9a72beb20;1;114
archive;Poids des défaillances (archive);Poids des défaillances (archive);Poids_des_defaillances_archive.xml;Poids_des_defaillances_archive.xml;2024-07-11;2024-07-11;;https://webstat.banque-france.fr/api/explore/v2.1/catalog/datasets/tableaux_rapports_preetablis/files/54a8071dd85a4e24318c211cbdd8552f;1;115
archive;Taux de rémunération annuelle (archive);Taux de rémunération annuelle (archive);Taux_de_remuneration_annuelle_archive.xml;Taux_de_remuneration_annuelle_archive.xml;2024-07-11;2024-07-11;;https://webstat.banque-france.fr/api/explore/v2.1/catalog/datasets/tableaux_rapports_preetablis/files/0fab416317e051ac5cdfa0526599d534;1;125
archive;Taux des interventions sur appels d'offres -1973 à 1998;Taux des interventions sur appels d'offres -1973 à 1998;Taux_directeurs.pdf;Taux_directeurs.pdf;2024-07-11;2024-07-11;;https://webstat.banque-france.fr/api/explore/v2.1/catalog/datasets/tableaux_rapports_preetablis/files/11fa247a1e21ea6304902c9a54cd1ada;1;126
archive;Taux d'intérêt annuel des découverts (archive);Taux d'intérêt annuel des découverts (archive);Taux_d_interet_annuel_des_decouverts_archive.csv;Taux_d_interet_annuel_des_decouverts_archive.csv;2024-07-11;2024-07-11;;https://webstat.banque-france.fr/api/explore/v2.1/catalog/datasets/tableaux_rapports_preetablis/files/d3a4a46a48052479124fe58df9189ff8;1;128
archive;Taux directeurs historique quotidien -1989 à 1998;Taux directeurs historique quotidien -1989 à 1998;Taux_directeurs_de_la_Banque_de_france_de_1989_à_1998.pdf;Taux_directeurs_de_la_Banque_de_france_de_1989_à_1998.pdf;2024-07-11;2024-07-11;;https://webstat.banque-france.fr/api/explore/v2.1/catalog/datasets/tableaux_rapports_preetablis/files/d0611256b5a111730c91f5b7a13e354e;1;134
archive;Taux du marché monétaire (Archive);Taux du marché monétaire (Archive);tmf_mens_zeuro_fr_tauxmarmonet.csv;tmf_mens_zeuro_fr_tauxmarmonet.csv;2024-07-11;2024-07-11;;https://webstat.banque-france.fr/api/explore/v2.1/catalog/datasets/tableaux_rapports_preetablis/files/a79aa92c126fddffcf428d6bc253f412;1;135
archive;Taux historique du Franc CPF;Taux historique du Franc CPF;Franc_CFP.pdf;Franc_CFP.pdf;2024-07-11;2024-07-11;;https://webstat.banque-france.fr/api/explore/v2.1/catalog/datasets/tableaux_rapports_preetablis/files/6dfeceb9b6d82cddaffba3ad8206ee81;1;137
archive;Taux historique du Franc des Comores;Taux historique du Franc des Comores;Franc_des_Comores.pdf;Franc_des_Comores.pdf;2024-07-11;2024-07-11;;https://webstat.banque-france.fr/api/explore/v2.1/catalog/datasets/tableaux_rapports_preetablis/files/468185531b0d252e3411285e7c3b155e;1;138
archive;Taux indicatifs et OAT (Archive);Taux indicatifs et OAT (Archive);Taux_indicatifs_et_OAT_Archive.csv;Taux_indicatifs_et_OAT_Archive.csv;2024-07-11;2024-07-11;;https://webstat.banque-france.fr/api/explore/v2.1/catalog/datasets/tableaux_rapports_preetablis/files/4e770b83435c5b1b5477e89b35f5c002;1;139
archive;Taux marchés monétaires historique PIBOR;Taux marchés monétaires historique PIBOR;Pibor.pdf;Pibor.pdf;2024-07-11;2024-07-11;;https://webstat.banque-france.fr/api/explore/v2.1/catalog/datasets/tableaux_rapports_preetablis/files/2f3dd4617b84ad6669c1953c2e666135;1;146
archive;Taux moyen de réglement des obligations des sociétés privées;Taux moyen de réglement des obligations des sociétés privées;Taux_moyen_reglement_obligations_societes_privees.pdf;Taux_moyen_reglement_obligations_societes_privees.pdf;2024-07-11;2024-07-11;;https://webstat.banque-france.fr/api/explore/v2.1/catalog/datasets/tableaux_rapports_preetablis/files/2cb2845b1207b86d8a9621e550994063;1;147
rapport;Le tableau de la balance des paiements;The Balance of Payments Table;Séries de la balance des paiements de la France;Series of France's balance of payments;2024-08-13;2024-10-25;/fr/selection/?basket=5384322;;1;152
rapport;Balance des paiements > Balance des paiements et position extérieure;Balance of payments > Balance of payments and external position;Rapport annuel de la Balance des Paiements;Annual report on the balance of payments;2024-10-24;2024-10-24;/fr/selection/5390009;;1;158
rapport;Balance des paiements > Balance des paiements et position extérieure;Balance of payments > Balance of payments and external position;Stat info Balance des paiements de la France;Stat info France's balance of payments;2024-10-24;2024-10-24;/fr/selection/5384322;;1;160
rapport;Chiffres-clefs > Enquêtes de conjoncture > Industrie, Services et Bâtiment;Key figures > Business surveys > Industry, Services and Construction;Enquête mensuelle de conjoncture Industrie, Services et Bâtiment;Monthly economic survey Industry, Services and Construction;2024-10-24;2024-10-24;/fr/selection/5384341;;1;171
rapport;Crédit > Coût du crédit > Usure;Credit > Cost of credit > Usury;Rapport de l'usure;Report of usury;2024-10-24;2024-10-24;/fr/selection/5384733;;1;174
rapport;Crédit > Coût du crédit > Usure;Credit > Cost of credit > Usury;Taux de l'usure;Usury rate;2024-10-24;2024-10-24;/fr/selection/5385584;;1;175
rapport;Crédit > Crédit;Credit > Credit > Regions;Enquête trimestrielle auprès des banques sur la distribution du crédit en France;Quarterly survey of banks on the distribution of credit in France;2024-10-24;2024-10-24;/fr/selection/5384438;;1;177
rapport;Crédit > Crédit;Credit > Credit;Stat info Crédits à la consommation;Stat info Consumer credit;2024-10-24;2024-10-24;/fr/selection/5384673;;1;179
rapport;Crédit > Crédit;Credit > Credit;Stat info Crédits aux sociétés non financières;Stat info Credits to non-public companies financial;2024-10-24;2024-10-24;/fr/selection/5384671;;1;181
rapport;Crédit > Crédit;Credit > Credit;Stat info Enquête mensuelle auprès des banques sur la distribution du crédit;Stat info Monthly survey of banks on the distribution of credit;2024-10-24;2024-10-24;/fr/selection/5384450;;1;183
rapport;Crédit > Crédit;Credit > Credit;Stat info Le financement des PME en France;Stat info Financing of SMEs in France;2024-10-24;2024-10-24;/fr/selection/5384417;;1;185
rapport;Crédit > Crédit;Credit > Credit;Stat info Les crédits aux entreprises (encours);Stat info Business credit (outstanding);2024-10-24;2024-10-24;/fr/selection/5384354;;1;186
rapport;Crédit > Crédit > Régions;Credit > Credit > Regions;Bourgogne-Franche-Comté;Bourgogne-Franche-Comté;2024-10-24;2024-10-24;/fr/selection/5385805;;1;189
rapport;Crédit > Crédit > Régions;Credit > Credit > Regions;Bretagne;Bretagne;2024-10-24;2024-10-24;/fr/selection/5385806;;1;190
rapport;Crédit > Crédit > Régions;Credit > Credit > Regions;Centre - Val de Loire;Centre - Val de Loire;2024-10-24;2024-10-24;/fr/selection/5385807;;1;191
rapport;Crédit > Crédit > Régions;Credit > Credit > Regions;Hauts-de-France;Hauts-de-France;2024-10-24;2024-10-24;/fr/selection/5385809;;1;194
rapport;Crédit > Crédit > Régions;Credit > Credit > Regions;Ile-de-France;Ile-de-France;2024-10-24;2024-10-24;/fr/selection/5385803;;1;195
rapport;Crédit > Crédit > Régions;Credit > Credit > Regions;Normandie;Normandy;2024-10-24;2024-10-24;/fr/selection/5385811;;1;196
rapport;Crédit > Crédit > Régions;Credit > Credit > Regions;Nouvelle-Aquitaine;Nouvelle-Aquitaine;2024-10-24;2024-10-24;/fr/selection/5385812;;1;197
rapport;Crédit > Crédit > Régions;Credit > Credit > Regions;Occitanie;Occitanie;2024-10-24;2024-10-24;/fr/selection/5385813;;1;198
rapport;Crédit > Endettement et titres;Credit > Debt and securities;Stat info Financement des sociétés non financières;Stat info Financing of non-financial companies;2024-10-24;2024-10-24;/fr/selection/5384348;;1;204
rapport;Entreprises;Companies;Crédits déclarés aux entreprises;Credits declared to companies;2024-10-24;2024-10-24;/fr/selection/5390012;;1;207
rapport;Entreprises > Défaillances (détail);Companies > Failures (detail);Défaillances d'entreprises;Company insolvencies;2024-10-24;2024-10-24;/fr/selection/5390013;;1;209
rapport;Epargne > Dépôts > Régions;Savings > Deposits > Regions;Région Centre val de loire;Centre Val de Loire region;2024-10-24;2024-10-24;/fr/selection/5385821;;1;216
rapport;Epargne > Dépôts > Régions;Savings > Deposits > Regions;région PACA;PACA Region;2024-10-24;2024-10-24;/fr/selection/5385829;;1;224
rapport;Epargne > Dépôts > Régions;Savings > Deposits > Regions;Région Pays de la loire;Pays de la Loire Region;2024-10-24;2024-10-24;/fr/selection/5385830;;1;225
rapport;Epargne > Epargne dans les banques > Titres de créance négociable;Savings > Savings in banks > Negotiable debt securities;Comptes distributionnels du patrimoine des ménages;Distributional accounts of household wealth;2024-10-24;2024-10-24;/fr/selection/5385849;;1;227
rapport;Monnaie > Statistiques monétaires > Zone euro;Currency > Monetary statistics > Eurozone;Bilan des institutions financières et monétaires de la zone euro (hors Eurosystème);Balance sheet of financial and monetary institutions in the euro area (excluding the Eurosystem);2024-10-24;2024-10-24;/fr/selection/5385725;;1;234
rapport;SDDS Plus > Indicateurs externes;SDDS Plus > External indicators;Balance des paiements;Balance of payments;2024-10-24;2024-10-24;/fr/selection/5384898;;1;236
rapport;SDDS Plus > Indicateurs externes;SDDS Plus > External indicators;Dette extérieure brute;Gross external debt;2024-10-24;2024-10-24;/fr/selection/5384901;;1;237
rapport;SDDS Plus > Secteur public;SDDS Plus > Public sector;Comptes des autres sociétés financières;Accounts of other financial corporations;2024-10-24;2024-10-24;/fr/selection/5384892;;1;242
rapport;SDDS Plus > Secteur public;SDDS Plus > Public sector;Comptes des IFM;MFI accounts;2024-10-24;2024-10-24;/fr/selection/5384890;;1;243
rapport;SDDS Plus > Secteur public;SDDS Plus > Public sector;Indicateurs de solidité financière;Financial soundness indicators;2024-10-24;2024-10-24;/fr/selection/5384893;;1;245
rapport;SDDS Plus > Secteur réel;SDDS Plus > Real sector;Comptes financiers de secteurs;Sector financial accounts;2024-10-24;2024-10-24;/fr/selection/5384888;;1;250
rapport;Taux et cours;Rates and prices;Taux interbancaires de la Zone euro;Eurozone interbank rates;2024-10-24;2024-10-24;/fr/selection/5385564;;1;253
rapport;Taux et cours > Taux de change;Rates and prices > Exchange rates;Parités fin de mois;End of month parities;2024-10-24;2024-10-24;/fr/selection/5385699;;1;254
rapport;Taux et cours > Taux d'intérêt de marché > Indices obligataires;Rates and prices > Market interest rates > Bond indices;Indices obligataires CNO - TEC-n;CNO - TEC-n bond indices;2024-10-24;2024-10-24;/fr/selection/5385693;;1;261
archive;Comptes Nationaux Financiers;National Financial Accounts;Comptes nationaux financiers trimestriels (base 2020);Quarterly national financial accounts (2020 base);2024-10-18;2024-10-24;;https://webstat.banque-france.fr/api/explore/v2.1/catalog/datasets/tableaux_rapports_preetablis/files/130504bf99035400fb0a61ef7ffc6cf2;1;2
archive;Comptes Nationaux Financiers;National Financial Accounts;Comptes financiers trimestriels des ANF jusque T3 2017 en ESAIEA (XML);Quarterly financial accounts of ANFs up to Q3 2017 in ESAIEA (XML);2024-07-11;2024-11-06;;https://webstat.banque-france.fr/api/explore/v2.1/catalog/datasets/tableaux_rapports_preetablis/files/655e769e6f6a1190e28e06200d975fc5;1;4
archive;Comptes Nationaux Financiers;National Financial Accounts;Comptes nationaux financiers annuels (base 2010);Annual national financial accounts (2010 base);2024-11-06;2024-11-06;;https://webstat.banque-france.fr/api/explore/v2.1/catalog/datasets/tableaux_rapports_preetablis/files/daddc099f766542ed26ac60bb8a0df5a;1;7
archive;Comptes Nationaux Financiers;National Financial Accounts;Comptes nationaux financiers trimestriels (base 2005);Quarterly national financial accounts (2005 base);2024-07-11;2024-11-06;;https://webstat.banque-france.fr/api/explore/v2.1/catalog/datasets/tableaux_rapports_preetablis/files/02f0331308d245fd4abd939b10553197;1;10
archive;Annexes fiches méthodologiques;Methodological Notes Annexes;Tableau_RB7301_taxonomie_RUBA_METHODO_CFTDC_CEFIT.png;Tableau_RB7301_taxonomie_RUBA_METHODO_CFTDC_CEFIT.png;2024-09-12;2024-09-12;;https://webstat.banque-france.fr/api/explore/v2.1/catalog/datasets/tableaux_rapports_preetablis/files/004142d6c60b092b9da1c5d3e0413f91;1;17
archive;Autres engagements des IFM françaises (hors Banque de France) par devises (Archive);Autres engagements des IFM françaises (hors Banque de France) par devises (Archive);tmf_trim_ifm_fr_auengifm.csv;tmf_trim_ifm_fr_auengifm.csv;2024-07-11;2024-07-11;;https://webstat.banque-france.fr/api/explore/v2.1/catalog/datasets/tableaux_rapports_preetablis/files/29cdc0cfa722d61b1d11b19dce124b25;1;18
archive;Balance des paiements 5e manuel - Compte financier (archive);Balance des paiements 5e manuel - Compte financier (archive);Balance_des_paiements_5e_manuel_-_Compte_financier_archive.csv;Balance_des_paiements_5e_manuel_-_Compte_financier_archive.csv;2024-07-11;2024-07-11;;https://webstat.banque-france.fr/api/explore/v2.1/catalog/datasets/tableaux_rapports_preetablis/files/116b35c6f16050e2f3b61cbecc7d3b1c;1;19
archive;Balance des paiements 5e manuel - Transactions courantes et compte de capital (archive);Balance des paiements 5e manuel - Transactions courantes et compte de capital (archive);Balance_des_paiements_5e_manuel_-_Transactions_courantes.csv;Balance_des_paiements_5e_manuel_-_Transactions_courantes.csv;2024-07-11;2024-07-11;;https://webstat.banque-france.fr/api/explore/v2.1/catalog/datasets/tableaux_rapports_preetablis/files/a11ca653211a223dd0c004dbad1a97ba;1;21
archive;Certificats de dépôts (archive);Certificats de dépôts (archive);Certificats_de_depots_archive.csv;Certificats_de_depots_archive.csv;2024-07-11;2024-07-11;;https://webstat.banque-france.fr/api/explore/v2.1/catalog/datasets/tableaux_rapports_preetablis/files/e806000286aa4b85d3f264b3e9231e9f;1;27
archive;Cours de change Franc - Principales devises;Cours de change Franc - Principales devises;Devises_exotiques_annuelles_.pdf;Devises_exotiques_annuelles_.pdf;2024-07-11;2024-07-11;;https://webstat.banque-france.fr/api/explore/v2.1/catalog/datasets/tableaux_rapports_preetablis/files/d2c05e7ba431a4b3aaadbc00f090b7b6;1;30
archive;Créances des établissements de crédit français vis-à-vis des ménages français et des organismes sans but lucratif (Archive);Créances des établissements de crédit français vis-à-vis des ménages français et des organismes sans but lucratif (Archive);tmf_trim_ifm_fr_crdtmngresd.csv;tmf_trim_ifm_fr_crdtmngresd.csv;2024-07-11;2024-07-11;;https://webstat.banque-france.fr/api/explore/v2.1/catalog/datasets/tableaux_rapports_preetablis/files/f6e1ae5e8784c1ea5a0b6c4bcf3073cb;1;34
archive;Créances des établissements de crédit français vis-à-vis du secteur privé français (Archive);Créances des établissements de crédit français vis-à-vis du secteur privé français (Archive);tmf_trim_ifm_fr_crecfrsecpr.csv;tmf_trim_ifm_fr_crecfrsecpr.csv;2024-07-11;2024-07-11;;https://webstat.banque-france.fr/api/explore/v2.1/catalog/datasets/tableaux_rapports_preetablis/files/7b807edbfb639c4147d399cdf6098247;1;36
archive;Créances et engagements des établissements de crédit français vis-à-vis des administrations publiques françaises (Archive);Créances et engagements des établissements de crédit français vis-à-vis des administrations publiques françaises (Archive);tmf_trim_ifm_fr_crengecapur.csv;tmf_trim_ifm_fr_crengecapur.csv;2024-07-11;2024-07-11;;https://webstat.banque-france.fr/api/explore/v2.1/catalog/datasets/tableaux_rapports_preetablis/files/87c740c067e012d5efc98bfdf8d368e8;1;39
archive;Créances et engagements des IFM françaises (hors Banque de France) par pays de résidence des contreparties - Union monétaire (Archive);Créances et engagements des IFM françaises (hors Banque de France) par pays de résidence des contreparties - Union monétaire (Archive);tmf_trim_ifm_fr_crengifmum.csv;tmf_trim_ifm_fr_crengifmum.csv;2024-07-11;2024-07-11;;https://webstat.banque-france.fr/api/explore/v2.1/catalog/datasets/tableaux_rapports_preetablis/files/bfacee75263660c16d101ab9e8ff9f08;1;43
archive;Crédit à la consommation (archive);Crédit à la consommation (archive);Credit_a_la_consommation_archive.xml;Credit_a_la_consommation_archive.xml;2024-07-11;2024-07-11;;https://webstat.banque-france.fr/api/explore/v2.1/catalog/datasets/tableaux_rapports_preetablis/files/c36e117cc7b52ed7064c25f334ba0b28;1;45
archive;Crédit aux PME (Archive);Crédit aux PME (Archive);Credit_PME_Archive.csv;Credit_PME_Archive.csv;2024-07-11;2024-07-11;;https://webstat.banque-france.fr/api/explore/v2.1/catalog/datasets/tableaux_rapports_preetablis/files/2bd85560703360c1867b4cfdf204efcc;1;46
archive;Crédits à la clientèle non résidente accordés par les établissements de crédit  répartition par zones (Archive);Crédits à la clientèle non résidente accordés par les établissements de crédit  répartition par zones (Archive);tmf_trim_detail_fr_crdtnresec.csv;tmf_trim_detail_fr_crdtnresec.csv;2024-07-11;2024-07-11;;https://webstat.banque-france.fr/api/explore/v2.1/catalog/datasets/tableaux_rapports_preetablis/files/d6d8c1cb22ab31e821328ae520f55c8a;1;48
archive;Crédits à l'habitat distribués aux agents résidents par les établissements de crédit (Archive);Crédits à l'habitat distribués aux agents résidents par les établissements de crédit (Archive);tmf_trim_detail_fr_crdthabtec.csv;tmf_trim_detail_fr_crdthabtec.csv;2024-07-11;2024-07-11;;https://webstat.banque-france.fr/api/explore/v2.1/catalog/datasets/tableaux_rapports_preetablis/files/4fb29a7b2df9d857cd6a2e0ea25cff2f;1;49
archive;Crédits aux administrations publiques;Crédits aux administrations publiques;Credits_aux_administrations_publiques.csv;Credits_aux_administrations_publiques.csv;2024-07-11;2024-07-11;;https://webstat.banque-france.fr/api/explore/v2.1/catalog/datasets/tableaux_rapports_preetablis/files/b65514c4e6345eba4ab1179f7d3c6e9a;1;50
archive;Dépôts bancaires des non-résidents auprès des établissements de crédit  répartition par zones et par produits (Archive);Dépôts bancaires des non-résidents auprès des établissements de crédit  répartition par zones et par produits (Archive);tmf_trim_detail_fr_dptbnresec.csv;tmf_trim_detail_fr_dptbnresec.csv;2024-07-11;2024-07-11;;https://webstat.banque-france.fr/api/explore/v2.1/catalog/datasets/tableaux_rapports_preetablis/files/2474b59d43bfe9dcb4d774a687da7539;1;67
archive;Dépôts des administrations publiques;Dépôts des administrations publiques;Depots_des_administrations_publiques.xml;Depots_des_administrations_publiques.xml;2024-07-11;2024-07-11;;https://webstat.banque-france.fr/api/explore/v2.1/catalog/datasets/tableaux_rapports_preetablis/files/cad4bb2c80114f5b6e0781b4dca9e4c0;1;69
archive;Dépôts des administrations publiques des autres EMUM auprès des établissements de crédit français (Archive);Dépôts des administrations publiques des autres EMUM auprès des établissements de crédit français (Archive);tmf_trim_ifm_fr_dptapu_emum.csv;tmf_trim_ifm_fr_dptapu_emum.csv;2024-07-11;2024-07-11;;https://webstat.banque-france.fr/api/explore/v2.1/catalog/datasets/tableaux_rapports_preetablis/files/8959d46e0a9a4b06ed9658869b11c071;1;70
archive;Dépôts des IFM auprès des IFM françaises (hors Banque de France) par zones de résidence des contreparties et par devises (Archive);Dépôts des IFM auprès des IFM françaises (hors Banque de France) par zones de résidence des contreparties et par devises (Archive);tmf_trim_ifm_fr_dptifmaifmf.csv;tmf_trim_ifm_fr_dptifmaifmf.csv;2024-07-11;2024-07-11;;https://webstat.banque-france.fr/api/explore/v2.1/catalog/datasets/tableaux_rapports_preetablis/files/8e1b39296f9caec51c4c5a1d82de03f6;1;71
archive;Dépôts des résidents auprès de l'administration centrale (Trésor et La Poste) (Archive);Dépôts des résidents auprès de l'administration centrale (Trésor et La Poste) (Archive);tmf_mens_france_fr_depresadmc.csv;tmf_mens_france_fr_depresadmc.csv;2024-07-11;2024-07-11;;https://webstat.banque-france.fr/api/explore/v2.1/catalog/datasets/tableaux_rapports_preetablis/files/4bb2376e5a48bce2ace55db336daf53e;1;75
archive;Dépôts des SNF (archive);Dépôts des SNF (archive);Depots_des_SNF_archive.xml;Depots_des_SNF_archive.xml;2024-07-11;2024-07-11;;https://webstat.banque-france.fr/api/explore/v2.1/catalog/datasets/tableaux_rapports_preetablis/files/c9244244e4e29fcdb870e017dd9371cd;1;78
archive;Dépôts du secteur privé français auprès des établissements de crédit français (Archive);Dépôts du secteur privé français auprès des établissements de crédit français (Archive);tmf_trim_ifm_fr_dptsecprfrec.csv;tmf_trim_ifm_fr_dptsecprfrec.csv;2024-07-11;2024-07-11;;https://webstat.banque-france.fr/api/explore/v2.1/catalog/datasets/tableaux_rapports_preetablis/files/f10ef0fec6dd2564f7ec79d2e5d948c3;1;82
archive;Détail des livrets non soumis à l'impôt  total (Archive);Détail des livrets non soumis à l'impôt  total (Archive);tmf_trim_detail_fr_detlivnimp.csv;tmf_trim_detail_fr_detlivnimp.csv;2024-07-11;2024-07-11;;https://webstat.banque-france.fr/api/explore/v2.1/catalog/datasets/tableaux_rapports_preetablis/files/66655294f744a1d3dec10f53687684d9;1;83
archive;DWA1 Europe hors France;DWA1 Europe outside France;DWA_hors_FR_20241202.zip;DWA_hors_FR_20241202.zip;2024-12-02;2024-12-02;;https://webstat.banque-france.fr/api/explore/v2.1/catalog/datasets/tableaux_rapports_preetablis/files/3f05a7abc765273ec5e8a1168cdc78ae;1;85
archive;Encours de crédit (archive);Encours de crédit (archive);Encours_de_credit_archive.csv;Encours_de_credit_archive.csv;2024-07-11;2024-07-11;;https://webstat.banque-france.fr/api/explore/v2.1/catalog/datasets/tableaux_rapports_preetablis/files/9fa83efdda604192a7968cf32682ba1e;1;87
archive;Livrets non soumis à l'impôt  total par agents (Archive);Livrets non soumis à l'impôt  total par agents (Archive);tmf_trim_detail_fr_livr-nimpec.csv;tmf_trim_detail_fr_livr-nimpec.csv;2024-07-11;2024-07-11;;https://webstat.banque-france.fr/api/explore/v2.1/catalog/datasets/tableaux_rapports_preetablis/files/df854237c1bb3fd61d66cac37e940cd1;1;100
archive;Nombre de défaillances (archive);Nombre de défaillances (archive);Nombre_de_defaillances_archive.xml;Nombre_de_defaillances_archive.xml;2024-07-11;2024-07-11;;https://webstat.banque-france.fr/api/explore/v2.1/catalog/datasets/tableaux_rapports_preetablis/files/eb8262a5acb89c2efcda9a4de4eec956;1;103
archive;Part des sociétés d'assurances dans l'UE (archive);Part des sociétés d'assurances dans l'UE (archive);Part_des_societes_d_assurances_dans_l_UE_archive.csv;Part_des_societes_d_assurances_dans_l_UE_archive.csv;2024-07-11;2024-07-11;;https://webstat.banque-france.fr/api/explore/v2.1/catalog/datasets/tableaux_rapports_preetablis/files/e755e81fd8ea1db60b59539692e99ebb;1;105
archive;Part des sociétés d'assurances dans l'UE (archive);Part des sociétés d'assurances dans l'UE (archive);Part_des_societes_d_assurances_dans_l_UE_archive.xml;Part_des_societes_d_assurances_dans_l_UE_archive.xml;2024-07-11;2024-07-11;;https://webstat.banque-france.fr/api/explore/v2.1/catalog/datasets/tableaux_rapports_preetablis/files/812b7a3a4e25467aaa9526fd0db7c34d;1;106
archive;Placement des assurances - annuel (Archive);Placement des assurances - annuel (Archive);Placement_assurances_annuel_Archive.csv;Placement_assurances_annuel_Archive.csv;2024-07-11;2024-07-11;;https://webstat.banque-france.fr/api/explore/v2.1/catalog/datasets/tableaux_rapports_preetablis/files/9674de9ac32b5d1988d88ce596368ceb;1;107
archive;Placement des assurances - trimestriel (Archive);Placement des assurances - trimestriel (Archive);Placement_assurances_trim_Archive.csv;Placement_assurances_trim_Archive.csv;2024-07-11;2024-07-11;;https://webstat.banque-france.fr/api/explore/v2.1/catalog/datasets/tableaux_rapports_preetablis/files/5ed6dbb07994761b5d0c1b004dc88dfc;1;108
archive;Placements des IFM françaises (hors Banque de France) en titres émis par les non-IFM par zones de résidence des contreparties et par devises (Archive);Placements des IFM françaises (hors Banque de France) en titres émis par les non-IFM par zones de résidence des contreparties et par devises (Archive);tmf_trim_ifm_fr_plaifmtinifm.csv;tmf_trim_ifm_fr_plaifmtinifm.csv;2024-07-11;2024-07-11;;https://webstat.banque-france.fr/api/explore/v2.1/catalog/datasets/tableaux_rapports_preetablis/files/9cefb1b048b9b2f5b4e8309fcdc802b4;1;113
archive;Seuil de l'usure (archive);Seuil de l'usure (archive);Seuil_de_l_usure_archive.xml;Seuil_de_l_usure_archive.xml;2024-07-11;2024-07-11;;https://webstat.banque-france.fr/api/explore/v2.1/catalog/datasets/tableaux_rapports_preetablis/files/9a50619c9155cb998d448d3994db426d;1;118
archive;Situation mensuelle de la Banque de France (archive);Situation mensuelle de la Banque de France (archive);Situation_mensuelle_de_la_Banque_de_France_archive.csv;Situation_mensuelle_de_la_Banque_de_France_archive.csv;2024-07-11;2024-07-11;;https://webstat.banque-france.fr/api/explore/v2.1/catalog/datasets/tableaux_rapports_preetablis/files/973cd97c46652a762c64e0b77bc93438;1;119
archive;T4M (archive);T4M (archive);T4M_Observations.pdf;T4M_Observations.pdf;2024-07-11;2024-07-11;;https://webstat.banque-france.fr/api/explore/v2.1/catalog/datasets/tableaux_rapports_preetablis/files/2ed6df6648151739ac9d5e699a38bd0f;1;121
archive;Taux de change mensuel (Archive);Taux de change mensuel (Archive);Taux_de_change_mensuel_Archive.csv;Taux_de_change_mensuel_Archive.csv;2024-07-11;2024-07-11;;https://webstat.banque-france.fr/api/explore/v2.1/catalog/datasets/tableaux_rapports_preetablis/files/5d42808d47cbd8fffe6df929abb71413;1;123
archive;Taux d'intermédiation financière;Taux d'intermédiation financière;tif_trim_fr_tif.csv;tif_trim_fr_tif.csv;2024-07-11;2024-07-11;;https://webstat.banque-france.fr/api/explore/v2.1/catalog/datasets/tableaux_rapports_preetablis/files/3392ca2a7b8165f9f4f30713a52f235a;1;132
archive;Taux directeurs historique mensuel -1960 à 1998;Taux directeurs historique mensuel -1960 à 1998;Taux_directeurs_de_la_Banque_de_france_de_1960_à_1998.pdf;Taux_directeurs_de_la_Banque_de_france_de_1960_à_1998.pdf;2024-07-11;2024-07-11;;https://webstat.banque-france.fr/api/explore/v2.1/catalog/datasets/tableaux_rapports_preetablis/files/8d967bd6d31cbd4f44b29d9c5ff3b967;1;133
archive;Taux interbancaire de la Zone euro (archive);Taux interbancaire de la Zone euro (archive);Taux_interbancaire_de_la_Zone_euro_archive.csv;Taux_interbancaire_de_la_Zone_euro_archive.csv;2024-07-11;2024-07-11;;https://webstat.banque-france.fr/api/explore/v2.1/catalog/datasets/tableaux_rapports_preetablis/files/8d844769ab667067f0e045a92c2998a5;1;140
archive;Taux interbancaire de la Zone euro (archive);Taux interbancaire de la Zone euro (archive);Taux_interbancaire_de_la_Zone_euro_archive.xml;Taux_interbancaire_de_la_Zone_euro_archive.xml;2024-07-11;2024-07-11;;https://webstat.banque-france.fr/api/explore/v2.1/catalog/datasets/tableaux_rapports_preetablis/files/6e3a80e2eeedf5f68d8cf7598c8e0049;1;141
archive;Taux marchés monétaires historique LIBOR annuel;Taux marchés monétaires historique LIBOR annuel;Libor_annuel_devises.pdf;Libor_annuel_devises.pdf;2024-07-11;2024-07-11;;https://webstat.banque-france.fr/api/explore/v2.1/catalog/datasets/tableaux_rapports_preetablis/files/6260db6b463a2300bd016d54286d1cbe;1;142
archive;Taux marchés monétaires historique LIBOR mensuel historique;Taux marchés monétaires historique LIBOR mensuel historique;Libor_mensuel_devises_.pdf;Libor_mensuel_devises_.pdf;2024-07-11;2024-07-11;;https://webstat.banque-france.fr/api/explore/v2.1/catalog/datasets/tableaux_rapports_preetablis/files/4b697580e396a38cc59accf90cc40299;1;144
archive;Titres donnés en pension par les établissements de crédit auprès de la clientèle (Archive);Titres donnés en pension par les établissements de crédit auprès de la clientèle (Archive);tmf_trim_detail_fr_titrpensec.csv;tmf_trim_detail_fr_titrpensec.csv;2024-07-11;2024-07-11;;https://webstat.banque-france.fr/api/explore/v2.1/catalog/datasets/tableaux_rapports_preetablis/files/d1d6fe1140abb70096accf473e5b6d16;1;148
archive;Titres d'OPC (Archive);Titres d'OPC (Archive);Titres_d_OPC_Archive.csv;Titres_d_OPC_Archive.csv;2024-07-11;2024-07-11;;https://webstat.banque-france.fr/api/explore/v2.1/catalog/datasets/tableaux_rapports_preetablis/files/93c85068aa9dfec6607838a3796cebf8;1;149
rapport;Comptes Nationaux Financiers;National Financial Accounts;Comptes nationaux financiers trimestriels (base 2020);Quarterly national financial accounts (2020 base);2024-10-18;2024-10-25;/explore/dataset/tableaux_rapports_preetablis/files/130504bf99035400fb0a61ef7ffc6cf2/download/;;1;153
rapport;DWA1 Europe hors France;DWA1 Europe outside France;Comptes distributionnels du patrimoine des ménages zone euro hors France;Distributional accounts of household wealth in the eurozone excluding France;2024-10-28;2024-10-29;/explore/dataset/tableaux_rapports_preetablis/files/277e174dd5a4a38f6133b40aae4ab91a/download/;;1;155
rapport;API;API;Guide de migration de l'API Webstat;Webstat API Migration Guide;2024-11-26;2024-11-26;/fr/pages/guide-migration-api-archive/;;1;156
rapport;Balance des paiements > Balance des paiements et position extérieure;Balance of payments > Balance of payments and external position;Réserves de change;Foreign exchange reserves;2024-10-24;2024-10-24;/fr/selection/5390008;;1;159
rapport;Balance des paiements > Implantations bancaires internationales;Balance of payments > International banking establishments;Implantations françaises à l'étranger (outward FATS);French establishments abroad (outward FATS);2024-10-24;2024-10-24;/fr/selection/5385611;;1;161
rapport;Chiffres-clefs > Défaillances d'entreprise (national);Key figures > Business failures (national);Stat info Les défaillances d'entreprise en France;Stat info Business failures in France;2024-10-24;2024-10-24;/fr/selection/5384339;;1;162
rapport;Chiffres-clefs > Enquêtes de conjoncture;Key figures > Business surveys;Investissement et rentabilité dans l'industrie - Conjoncture travaux publics et commerce de gros;Investment and profitability in industry - Economic situation of public works and wholesale trade;2024-10-24;2024-10-24;/fr/selection/5385684;;1;163
rapport;Chiffres-clefs > Enquêtes de conjoncture;Key figures > Business surveys;Stat info Accès des entreprises au crédit;Stat info Access of companies to credit;2024-10-24;2024-10-24;/fr/selection/5384547;;1;164
rapport;Chiffres-clefs > Enquêtes de conjoncture > Commerce de détail;Key figures > Business surveys > Retail trade;Enquête mensuelle de conjoncture Commerce de détail;Monthly economic survey Retail trade;2024-10-24;2024-10-24;/fr/selection/5390004;;1;166
rapport;Chiffres-clefs > Enquêtes de conjoncture > Industrie, Services et Bâtiment;Key figures > Business surveys > Industry, Services and Construction;Conjoncture Services marchands;Economic situation Market services;2024-10-24;2024-10-24;/fr/selection/5390001;;1;170
rapport;Chiffres-clefs > Enquêtes de conjoncture > Tous secteurs;Key figures > Business surveys > All sectors;Conjoncture Tous secteurs;Economic situation All sectors;2024-10-24;2024-10-24;/fr/selection/5390000;;1;172
rapport;Chiffres-clefs > Tableau de bord;Key figures > Dashboard;Principaux indicateurs statistiques (France);Main statistical indicators (France);2024-10-24;2024-10-24;/fr/selection/5384861;;1;173
rapport;Crédit > Crédit;Credit > Credit;Stat info Accès des entreprises au crédit;Stat info Access of companies to credit;2024-10-24;2024-10-24;/fr/selection/5384547;;1;178
rapport;Crédit > Crédit;Credit > Credit;Stat info Crédits aux particuliers;Stat info Credits to individuals;2024-10-24;2024-10-24;/fr/selection/5384670;;1;180
rapport;Crédit > Crédit;Credit > Credit;Stat info Financement des micro-entreprises;Stat info Financing of micro-enterprises;2024-10-24;2024-10-24;/fr/selection/5384934;;1;184
rapport;Crédit > Crédit;Credit > Credit;Stat info Taux des crédits aux entreprises;Stat info Business credit rates;2024-10-24;2024-10-24;/fr/selection/5384674;;1;187
rapport;Crédit > Crédit > Régions;Credit > Credit > Regions;Auvergne-Rhône-Alpes;Auvergne-Rhône-Alpes;2024-10-24;2024-10-24;/fr/selection/5385804;;1;188
rapport;Crédit > Crédit > Régions;Credit > Credit > Regions;Grand Est;Grand Est;2024-10-24;2024-10-24;/fr/selection/5385810;;1;193
rapport;Crédit > Crédit > Régions;Credit > Credit > Regions;Pays de La Loire;Pays de La Loire;2024-10-24;2024-10-24;/fr/selection/5385815;;1;199
rapport;Crédit > Crédit > Régions;Credit > Credit > Regions;Provence-Alpes-Côte d'azur;Provence-Alpes-Côte d'azur;2024-10-24;2024-10-24;/fr/selection/5385814;;1;200
rapport;Crédit > Endettement et titres;Credit > Debt and securities;Stat info Emission et détention de titres français;Stat info Issuance and holding of French securities;2024-10-24;2024-10-24;/fr/selection/5384494;;1;202
rapport;Crédit > Endettement et titres;Credit > Debt and securities;Stat info Taux d'endettement des agents non financiers - Comparaisons internationales;Stat info Debt ratio of non-financial agents - International comparisons;2024-10-24;2024-10-24;/fr/selection/5384355;;1;205
rapport;Epargne > Assurances > Comptes nationaux financiers annuels;Savings > Insurance > Annual national financial accounts;Stat info Placements financiers des sociétés d’assurance;Stat info Financial investments of insurance companies;2024-10-24;2024-10-24;/fr/selection/5384484;;1;210
rapport;Epargne > Dépôts > Régions;Savings > Deposits > Regions;Région Auvergne Rhone alpes;Auvergne Rhone Alpes region;2024-10-24;2024-10-24;/fr/selection/5385818;;1;213
rapport;Epargne > Dépôts > Régions;Savings > Deposits > Regions;Région Bretagne;Brittany region;2024-10-24;2024-10-24;/fr/selection/5385820;;1;215
rapport;Epargne > Dépôts > Régions;Savings > Deposits > Regions;Région Corse;Corsica region;2024-10-24;2024-10-24;/fr/selection/5385822;;1;217
rapport;Epargne > Dépôts > Régions;Savings > Deposits > Regions;Région Ile-de-France;Region Ile-de-France;2024-10-24;2024-10-24;/fr/selection/5385825;;1;220
rapport;Epargne > Dépôts > Régions;Savings > Deposits > Regions;Région Normandie;Normandy Region;2024-10-24;2024-10-24;/fr/selection/5385826;;1;221
rapport;Monnaie > Statistiques monétaires > France;Currency > Monetary statistics > France;Bilan des institutions financières et monétaires hors Banque de France;Balance sheet of financial and monetary institutions outside the Banque de France;2024-10-24;2024-10-24;/fr/selection/5385727;;1;231
rapport;SDDS Plus > Indicateurs externes;SDDS Plus > External indicators;Position extérieure;External position;2024-10-24;2024-10-24;/fr/selection/5384900;;1;238
rapport;SDDS Plus > Indicateurs externes;SDDS Plus > External indicators;Réserves de change et disponibilités en devises;Foreign exchange reserves and cash in foreign currencies;2024-10-24;2024-10-24;/fr/selection/5384926;;1;239
rapport;SDDS Plus > Indicateurs externes;SDDS Plus > External indicators;Taux de change;Exchange rates;2024-10-24;2024-10-24;/fr/selection/5384905;;1;240
rapport;SDDS Plus > Secteur public;SDDS Plus > Public sector;Comptes de la Banque centrale;Central Bank accounts;2024-10-24;2024-10-24;/fr/selection/5384891;;1;241
rapport;SDDS Plus > Secteur public;SDDS Plus > Public sector;Opérations des APU (trimestriel);APU operations (quarterly);2024-10-24;2024-10-24;/fr/selection/5384929;;1;247
rapport;SDDS Plus > Secteur public;SDDS Plus > Public sector;Taux d'intérêt;Interest rates;2024-10-24;2024-10-24;/fr/selection/5384895;;1;248
rapport;Taux et cours;Rates and prices;Cours de l'or;Gold price;2024-10-24;2024-10-24;/fr/selection/5385702;;1;251
rapport;Taux et cours > Taux de change;Rates and prices > Exchange rates;Parités quotidiennes;Daily parities;2024-10-24;2024-10-24;/fr/selection/5385698;;1;256
rapport;Taux et cours > Taux d'intérêt de marché > Indices obligataires;Rates and prices > Market interest rates > Bond indices;Indices hebdomadaires;Weekly indices;2024-10-24;2024-10-24;/fr/selection/5385694;;1;259
rapport;Taux et cours > Taux d'intérêt de marché > Indices obligataires;Rates and prices > Market interest rates > Bond indices;Indices mensuels;Monthly indices;2024-10-24;2024-10-24;/fr/selection/5385695;;1;260
